,0,1,2,3,4,5,6,7,8,9,10,11,12,13,14,15,16,17,18,19,20,21,22,23,24,25,26,27,28,29,30,31,32,33,34,35,36,37,38,39,40,41,42,43,44,45,46,47,48,49
0,1.000000000000004,2.891294814411279e-15,3.0303448074823727e-15,4.200626405751295e-15,3.970733651789714e-15,5.303702848661044e-15,-6.665166231960188e-16,6.638732983849029e-15,6.99192981787139e-15,3.6194609245233865e-15,7.679932381756729e-16,1.7726114213019291e-15,8.774515388008288e-15,1.9337287694334285e-15,4.78442302955064e-15,6.610934614835402e-15,4.2945432766358805e-15,3.5151064024936224e-15,3.298171373199837e-15,5.654776196150305e-15,6.891714993297209e-15,5.86678621065788e-15,3.5025511098255023e-15,4.581306679081418e-15,1.2180918500302718e-15,2.052572355085099e-16,7.592664682647613e-15,1.7124738076766965e-15,2.7564136575584494e-15,2.505269132251359e-15,-3.977114814525649e-16,5.324994907453544e-15,5.349949471438328e-15,4.536895480681629e-15,6.8401572447839105e-15,5.724730256669509e-15,3.175887249851686e-15,4.205604308809345e-15,3.897092827981168e-16,3.748838086089573e-15,-2.3033991009046733e-15,3.648702833786398e-15,3.4126273273165106e-15,2.2855179646400026e-15,3.2451254580210836e-15,6.532981546974068e-15,4.951809370157883e-15,8.238259859622233e-15,4.6074255521944e-15,4.503342143635791e-15
1,2.772544135353931e-15,1.0000000000000027,3.5563927063955104e-15,3.745430158512784e-15,3.2467412799979953e-15,1.504283413171866e-15,3.132697515413959e-15,2.60162895936678e-15,6.558625081371838e-15,4.8826144927774355e-15,2.9083725305123016e-15,6.086150512940403e-15,6.181321701320356e-15,3.719515949591899e-15,3.4585393293401653e-15,4.129704873137508e-15,4.832773015761238e-15,3.3809621270450127e-15,2.730753780066993e-15,1.6532253158542684e-15,2.2913998484397595e-15,6.975884953666224e-15,3.571764114586279e-15,2.245638430888086e-15,2.760266527645534e-15,5.231839251663981e-15,1.829461750135722e-15,2.948940816764784e-15,4.425535056723773e-15,4.441903807995807e-15,3.176586660158985e-15,1.7989966711644952e-15,4.791465468905266e-15,4.531241246180743e-15,5.873972505836836e-15,2.7707235285862046e-15,2.0240532072628665e-15,6.135064214429103e-15,1.7832042846732995e-15,3.3029261299635378e-15,4.254103823547132e-15,1.824238145499864e-15,6.0253014354597024e-15,5.017880560089409e-15,8.268956897681023e-15,1.7394113296710493e-15,3.045250559405358e-15,5.5407545508574444e-15,3.7192471324942744e-15,2.831068712794149e-15
2,-5.438729837308317e-15,-5.178269349780182e-15,0.9999999999999921,-6.803370835910751e-15,-4.326014457026727e-15,-2.960883003885026e-15,-5.322292717801329e-15,-6.0280676550132866e-15,-2.9445839146761003e-15,-3.207252334429005e-15,-4.1988313098355006e-15,-5.258153699468925e-15,-6.235332161509775e-15,-5.972047695638306e-15,-4.931838392804683e-15,-2.3859018963848947e-15,-3.18593568660209e-15,-6.6322515055728244e-15,-5.603369000023767e-15,-3.239822104091649e-15,-4.08935121532458e-15,-8.40753607171475e-15,-2.427718409763202e-15,-8.174417517122445e-15,-4.65523529394751e-15,-5.7743843872343165e-15,-3.867304465416417e-15,-5.122373688539246e-15,-2.6620895575537805e-15,-4.0514467688105624e-15,-3.963584396252592e-15,-4.146501078871113e-15,-4.8575707068531215e-15,-2.9491580473956518e-15,-1.7382569713138336e-15,-3.4013590725078427e-15,-2.4848168864107395e-15,-6.788615122597722e-15,-3.790769191648056e-15,-5.711584416479339e-15,-2.356206626737359e-15,-3.913160721979825e-15,-8.659810454219982e-15,-6.185180563112155e-15,-7.844486523864568e-15,-4.636047795766441e-15,-1.819229859787785e-15,-3.767932524548755e-15,-4.6074255521944e-15,-4.440892098500626e-15
3,-7.139450129342006e-15,-2.3940038045718063e-16,-6.3344582067813184e-15,0.9999999999999978,-2.5986065762312995e-15,-2.8750809685560315e-15,1.187871893932828e-16,-8.409158547640376e-15,-5.5128189015657474e-15,1.6806058099005123e-15,-1.4838847009433703e-15,-1.9261370747114918e-15,-1.3455809110430606e-15,1.1140125133546985e-15,-3.843377440724391e-15,-2.881856270559936e-15,5.636726541698324e-16,-2.884405359908563e-15,1.8498095976191345e-16,-1.8659929855333457e-15,-5.697334280513782e-15,-2.8911223861262755e-15,-1.131564984407289e-15,-4.224866820210303e-15,-1.3189406291621358e-15,2.276915798486867e-15,4.090527043752898e-16,-1.1671456285350591e-15,3.3320713355931093e-15,-5.8555719531624766e-15,1.777244086780691e-15,-3.5298403513003344e-15,-6.210685991933697e-15,1.288073341482284e-15,-3.781748658557359e-15,-5.3739357675461865e-15,-2.865460977407173e-15,-5.167678382219054e-15,-1.998035533823634e-15,-7.233754497025523e-15,7.663403649362279e-15,-2.196747366844206e-15,-3.8289220633416514e-15,-2.2794065699874673e-15,-7.197993119020396e-15,-4.57849448739399e-15,-3.0778063896049527e-15,-1.9698672130971597e-15,-4.052314039881821e-15,-6.439293542825908e-15
4,4.08084097251105e-15,7.862094799536893e-16,1.925104597921034e-15,1.839528973262394e-15,0.9999999999999997,3.006474916034963e-15,8.048816898303419e-16,3.855760331546431e-15,3.378183841583962e-16,-2.0063537063189566e-15,5.830273365004501e-16,-1.7694337508953656e-15,-1.6037992540032203e-16,-1.5538465820000926e-17,6.454461871802985e-16,4.1129662431651584e-16,-5.93387864510627e-16,2.226857522694397e-15,1.7942048645832087e-15,-1.8949668011714052e-16,3.624769818305694e-15,6.495880240900168e-16,-7.511945084294695e-16,2.228915755789172e-15,1.0333821132954618e-15,-1.918845654440259e-15,-2.4275684601713497e-16,1.44210096761066e-15,-1.8391262092202424e-15,1.1958712579451227e-16,-1.0600203464539325e-15,1.9084021585082143e-15,6.84750767684031e-16,-1.8071194734187725e-16,-1.8469862010124647e-15,3.8236351591635156e-15,1.4255409941310481e-15,1.572215427730363e-15,2.2010781861458727e-15,2.9751198921304188e-15,-2.705165906888357e-15,1.8818360845643134e-15,8.681562797985407e-16,-3.470907093613455e-16,-4.635013600653896e-16,3.673605808900226e-15,-9.72659091053888e-16,-1.632716100652541e-16,1.3322676295501878e-15,1.27675647831893e-15
5,6.520325090122113e-16,-1.1503225324770442e-15,8.233214268940651e-16,2.2795320738164607e-16,-3.139530832486856e-15,0.9999999999999987,-4.517879320548434e-15,-3.078938731583029e-15,-1.8395210514790662e-15,-5.716951640048236e-15,1.3276269158944813e-15,-8.14580595948462e-16,-3.137888727528516e-15,6.730868380173139e-16,-2.4312116491885055e-16,-1.5528413349162772e-15,-1.5176396252502338e-15,6.97116940977468e-16,-1.4900842454293186e-15,-2.3960384258216414e-16,-4.767355826644739e-15,2.7791863577381914e-15,-1.2262149116591865e-15,6.932533836855879e-16,-1.056122044605585e-16,-5.740660722774972e-15,-1.7629166204554e-16,-1.1685928356380985e-15,-3.462042831163235e-15,-1.3610167616549714e-15,-3.847190812639106e-15,1.6236278404811745e-15,6.711750884142672e-16,-3.964724168242619e-15,-1.79588397696367e-15,-7.379638426991624e-16,-1.4536527097115374e-15,-8.09502063859195e-16,1.4506507835909211e-15,5.081506357958305e-16,-3.727061817348465e-15,-3.9635796401798166e-15,3.7759857775349896e-15,-1.8154472025483348e-16,4.413536525273471e-15,-3.64205324245457e-15,1.133805605296695e-15,1.6590542665984553e-15,-1.573394192710964e-15,9.992007221626409e-16
6,-1.2036643746029516e-15,-2.7753293963952913e-16,5.4158982944277514e-15,4.432735674022662e-15,3.901290969659047e-15,1.3807762685878177e-15,1.0000000000000047,3.804496763281615e-15,3.044338053387014e-16,3.2900127896757382e-15,2.177732541774876e-15,-8.552857089956569e-16,4.182288196975089e-15,2.678915691667737e-15,2.4952666174658654e-15,-2.562342150365747e-15,1.0440522717568107e-15,4.737227517991907e-16,3.793584511044558e-15,1.6224647802503222e-15,3.9593240787638264e-15,2.1979204556501756e-15,6.405363306544452e-16,-6.226560982867386e-16,3.3971431860778834e-15,5.739293450069684e-15,-9.10981377084124e-16,1.8953430499546338e-15,3.1374241566260664e-15,3.243718097858944e-15,3.899404583692134e-15,2.810320628324585e-16,-4.1785737497371025e-16,3.753026953051018e-15,-2.7405208111300114e-15,-2.196346620037055e-15,1.7572908252401993e-15,2.56663950703333e-16,-2.5526532556754488e-17,5.094905952072501e-16,6.2774145835497324e-15,2.0230421072130253e-15,-1.376470699940295e-15,-2.6716978040525114e-15,-6.453260628410652e-16,2.645114075945837e-15,-4.691587627875824e-16,-3.1955264043776096e-15,5.551115123125783e-16,-3.164135620181696e-15
7,-4.3554740150690993e-16,-5.615415397422713e-16,-2.0685720255892898e-15,-1.6208034034258517e-15,-1.3562898059943689e-15,-3.810643079284296e-16,-2.861410985614498e-15,0.9999999999999984,-1.454596269528909e-15,-2.2561869968999035e-15,-1.20624250078992e-15,-1.8511508056564376e-15,-1.6289702248804912e-15,-2.0468617779768045e-15,-1.0583989181428936e-15,-1.8736250344692876e-16,-2.046132961658021e-15,-1.64212305797434e-15,-2.298905398354895e-15,-1.0823583108386197e-15,-1.301618436694663e-15,-1.9789404930139568e-15,-1.9894803814793793e-15,6.112399559036249e-17,-2.46236645924203e-15,-3.1022493481390404e-15,-1.659193337754139e-15,-9.094052654915702e-16,-2.305824652230071e-15,-7.912195631780473e-16,-2.5023155147139535e-15,-1.3533502509363122e-15,-1.0076205094948453e-15,-6.982634356550608e-16,1.106171312079818e-16,8.503756846999208e-16,-1.3097830830321366e-15,1.224332710144853e-15,-7.574734141539992e-16,-1.6858970577119505e-15,-1.6540033490347834e-15,6.391698209529983e-16,-2.5327986279104083e-15,-1.1735560823646995e-15,-1.1524945941142925e-15,-6.392878756087661e-16,-2.736724852598708e-15,3.4012307397426707e-16,-7.771561172376096e-16,-1.609823385706477e-15
8,-1.483249589695513e-15,-3.3490411452768865e-15,-4.295997204042306e-15,-3.1239375001690644e-15,-2.958391898850407e-15,-4.442881195073349e-15,-3.2593444041057925e-15,-5.0380027178316775e-15,0.9999999999999959,-4.57137529203752e-15,-1.971877359983332e-15,-2.042503945840611e-15,-5.654465255075891e-15,1.9442141379081532e-16,-3.056461275406151e-15,-3.289983746465294e-15,-4.414907690984473e-15,-4.426799187616752e-15,-3.7872119617090615e-15,-2.145811859681053e-15,-4.2574817259551895e-15,-3.0120436490382185e-15,-3.4540314728647156e-15,-5.059043621253528e-15,-3.1149135116345933e-15,-2.830366761877875e-15,-4.691334249916803e-15,-3.9902229184623435e-15,-1.9359954253536802e-15,-3.2096343096893147e-15,-3.1101297710684852e-15,-5.639259201281486e-15,-3.528836869789949e-15,-4.236329013964449e-15,-3.0073682017855876e-15,-4.205082794924054e-15,-3.532439235774228e-15,-2.4760245039076386e-15,-3.2837632103347474e-15,-3.4919686949520377e-15,-2.9940653764977055e-15,-5.25431565107431e-15,-9.834026826186818e-16,-8.422632341909672e-16,-2.3239983211025138e-15,-5.379577160227236e-15,-3.4825838195293715e-15,-4.749619515882817e-15,-4.440892098500626e-15,-1.2212453270876722e-15
9,-2.2118924901992624e-15,-2.4823614209921883e-15,-4.377996047387427e-15,-1.8482022658080507e-15,-2.0788215382212337e-15,-2.6004280493989277e-15,-2.5883098002757788e-15,-2.767223388790114e-15,-1.6695176507810717e-15,1.0000000000000002,-2.587885143735887e-15,6.49086722871145e-16,-3.685286205335616e-15,-9.673748055495896e-16,-2.1622155204466498e-15,-1.0602581872649523e-15,8.33039176139065e-16,-3.4752451819033643e-15,-1.984957422716981e-15,-1.0108058109700123e-15,-4.7789104370667786e-15,-1.2085243017393085e-15,-2.739150322103018e-16,-6.054874493893066e-15,7.945636282365909e-16,-1.267617645764672e-15,-1.4967912501371119e-15,-2.8066235490848973e-15,5.890375131700246e-16,-1.7247913989574899e-15,-1.080964875239361e-15,-4.407694516318389e-15,-2.4837111083830427e-15,1.4203498682138492e-16,-1.1337661937206814e-15,-2.081535631017853e-15,-2.455461609601754e-15,-3.758544177004192e-15,-6.237335686002558e-16,-2.7421301448467186e-15,-1.0072083526336245e-15,-2.6760210552917167e-15,-1.6976909584359523e-15,-2.090471594297908e-15,-1.1287178337821845e-15,-3.0695781687276293e-15,1.3698064571550924e-15,-1.2248326767451555e-15,-1.3322676295501878e-15,-7.771561172376096e-16
10,2.896803251140376e-15,1.756985978835911e-16,1.7496078290799346e-15,1.1003989101594234e-15,2.0893234560904243e-16,-1.8110703523995914e-15,1.828436743538473e-15,-1.4552104076914261e-15,-2.5744479446410614e-15,-1.6142726253808096e-15,1.000000000000001,7.309316139593409e-16,-8.264283042380974e-16,3.841838467582945e-15,2.9540236972688393e-16,-1.9128389249104386e-15,1.496303304025224e-16,-9.347354587130731e-16,1.2630298289681186e-15,-3.314300076463056e-18,-9.57005982836262e-16,1.8478148134195884e-15,1.6515029084464572e-15,-1.1847090230627438e-15,1.6868301624876786e-15,1.3099297646489455e-15,-3.67617461125884e-16,-6.100658579370444e-16,2.663588576987416e-15,8.990532141610737e-16,4.688807791609543e-16,-2.806704774840198e-15,-1.4006572832545088e-15,8.595956181058156e-16,-1.9365719945776627e-15,-9.516695209776367e-16,-4.483340953011546e-16,-3.379642996955896e-16,1.2246939954041228e-15,-6.989684908606614e-16,1.1412836555532217e-15,-2.8847138005598092e-15,2.472469772695571e-15,-4.811437866591684e-16,3.1103370951083827e-16,-4.569122374191929e-16,-1.632730342880701e-15,-4.741579717488931e-15,-3.3306690738754696e-16,3.885780586188048e-16
11,-4.263449209605167e-15,-2.4038653784358097e-15,-3.7868579543724995e-15,-3.2504319714113316e-15,-3.1871538783743587e-15,-2.8689493308803675e-15,-9.534485125785727e-16,-2.8125962977348106e-15,-3.867337968484341e-15,-2.2487530679595864e-15,-2.441825157379005e-15,0.9999999999999963,7.464164892340675e-16,-2.5738048757562755e-15,-3.3562971394717218e-15,-2.5596851114589502e-15,-4.177821827634044e-15,-2.2863657739820556e-15,-2.6694366833762127e-15,-2.620670218179652e-15,-1.0122822416210598e-15,-5.431089250967233e-15,-2.841260615440241e-15,-3.931600795232868e-16,-3.7639029602505735e-15,-1.1569513121092586e-15,-1.902437795582164e-15,-8.088831395531484e-16,-3.330591856788932e-15,-3.712717475331526e-15,-1.8872942649468643e-15,1.8013924035505855e-15,-2.046114399471588e-15,-1.9342923936602042e-15,-4.089618543891357e-15,-1.1757690500428671e-17,-1.8223726927142873e-15,-1.3756436484819631e-15,-3.0551637924794615e-15,-1.892377278967343e-15,-1.7752762845838339e-15,1.7092552632930335e-15,-6.3745247352068054e-15,-2.5511773199731368e-15,-6.871992739685549e-15,-5.516992604948113e-17,-4.559824621061189e-15,-3.51073843610909e-15,-1.3322676295501878e-15,-5.551115123125783e-15
12,1.9339529847898522e-15,4.722230959591015e-16,8.472013339118286e-16,3.423970156317841e-15,6.892906346964748e-16,-1.90613490292603e-15,5.924784865812909e-16,1.4495084387933278e-15,1.1873306048929401e-15,2.295783304589411e-15,5.534198348882147e-16,6.750611854825086e-16,1.0000000000000042,3.1081099116514006e-15,1.0164055783287963e-15,5.125267359401755e-16,1.3869711781614529e-15,3.2091345107342853e-15,1.0479046753768646e-15,7.4887187079048215e-16,3.099576791051352e-15,3.890066170545624e-15,3.470837312663117e-16,8.597327760153e-16,-4.203992923266519e-18,3.4825909347721074e-15,7.126809886353834e-16,-1.0368746751761647e-17,7.61948037048393e-16,1.69691374793211e-16,1.5083398978845095e-15,4.75385705567174e-16,1.998115862804958e-15,3.881779495256304e-16,-8.906804750545326e-16,-4.342015417345053e-17,1.3167819529792952e-15,9.695324627190998e-16,-8.294496026815015e-16,2.0808927864076005e-15,6.400604949553886e-16,6.909013563625796e-16,2.1002678200046627e-15,-4.47243706566433e-16,1.3276207550650666e-15,1.6657826038239785e-15,-1.152928293666197e-15,5.747303064275328e-16,2.1094237467877974e-15,-2.220446049250313e-16
13,-6.840081779611016e-16,1.2685090859713835e-15,-1.5652814226390113e-15,-1.808299137875294e-15,1.7349199252269342e-15,-3.0292771537551123e-15,-1.6081845014265e-15,1.2616670656848894e-15,4.036078352568806e-16,4.914914789815042e-16,-4.832662824564612e-17,7.212238650367823e-16,-5.5772755114859305e-15,0.9999999999999976,1.0975519677303504e-15,-3.424777635035397e-15,2.98141124658223e-15,-1.5312616904936873e-15,-2.5555903175288507e-15,-1.0377284111237285e-17,-4.2016198132762276e-15,1.4417393496789693e-16,-1.346704481704236e-16,7.98389292745446e-16,-1.1639794774131181e-15,-9.064996626120957e-16,-1.235537194699438e-15,-1.5836508570633208e-15,-1.9633053947622712e-15,1.5364388286276305e-15,4.729026706342714e-16,-2.9605292627526056e-15,-1.7510772741958738e-16,7.431768231071905e-16,-5.656882934664619e-16,5.271906203957213e-16,-2.2284195308468107e-15,-5.666669859499208e-16,6.925258288102968e-16,2.4124064883917346e-15,-2.392316612286448e-15,-4.201255801071123e-15,-8.5642857225377e-16,2.809125738381634e-16,3.3802687278447218e-15,-2.9828859035195915e-15,1.3545461032861993e-15,4.716448474144035e-16,-1.9984014443252818e-15,5.329070518200751e-15
14,1.464265216865464e-15,2.480784133790732e-16,5.275813676672341e-16,-2.83864292295845e-15,-1.1573146648674915e-15,1.9258581598689785e-15,2.654784547817819e-16,3.03006842908139e-15,-1.1015701699358146e-15,-1.7941343930188013e-15,-1.392436206720385e-15,-6.014840300420878e-16,-1.955488378112248e-15,-3.500054500472528e-15,0.999999999999999,-3.6201427650186954e-16,2.611434934566898e-16,1.1730330246622649e-15,-2.791624520528746e-15,-6.525547786825497e-16,1.7646666541647138e-15,-1.1036738003672707e-15,1.977178800207047e-15,4.997372613734718e-16,-1.2489084064110717e-15,-1.7306198426713894e-15,9.994076650879316e-16,8.126497889807853e-16,-3.2332459376950003e-15,1.8917269730502145e-15,-1.5459110697798152e-15,1.165194260652839e-15,2.0484019200158182e-15,-1.2325672168384446e-15,3.0858428916032595e-15,1.3028483987450848e-15,8.961370824421948e-16,2.8573093266785158e-15,-2.246926858375038e-15,1.0986815713898882e-15,-3.8553881988912655e-15,1.3603618497987897e-15,1.5664667352148555e-15,2.550214138446776e-15,1.194400997856455e-15,1.733306190471311e-15,2.6062009037851004e-15,-1.4265839995380845e-15,7.216449660063518e-16,1.7069679003611782e-15
15,2.5320284866857765e-15,4.06248066332439e-16,2.407556416009266e-15,-1.7142527025082599e-15,1.6190531204511004e-15,3.1647094004621098e-15,1.1020738070323988e-16,2.4307682584162605e-15,1.7243131962072266e-15,-2.3770469534755736e-16,-2.7602850632769145e-16,2.2239049376325756e-16,-2.8306476389786543e-15,-3.787970629941376e-15,-4.538754933932547e-16,1.000000000000001,-1.7274271599276863e-16,-2.381655301647449e-15,-1.9325207006716764e-16,-2.0622042169000227e-15,2.1374575512380195e-16,-2.5670853068792707e-15,2.0229912853493127e-15,3.398408703481625e-16,1.3434814359253902e-16,-4.3186098903587355e-15,1.3751234450424471e-15,4.581722447210117e-16,-5.930687288165922e-16,3.317082994922261e-15,-1.5143163000161574e-15,-5.46535244856402e-16,-5.255492414615203e-16,2.2406533431378276e-15,2.9313257726587912e-15,4.06057907545528e-15,9.613785496125712e-16,2.7526776269954836e-15,2.1297558840527434e-15,7.292561351345529e-16,-1.2095150048421356e-15,1.7243895865882039e-15,-7.039799777115531e-16,1.0032277688638598e-15,7.909651003431869e-16,2.617793221294889e-15,6.34549633561334e-16,-9.81974236338334e-17,-1.1102230246251565e-16,2.1094237467877974e-15
16,-1.1964641619015868e-15,-1.753099444561881e-15,-1.4717755764557596e-15,-2.0392405967638254e-15,-1.075730570235141e-15,-4.994655541922445e-16,-1.9706701454459353e-15,-1.202653110078035e-15,-3.4687693096494104e-15,-2.1517902989982146e-15,-1.0779324199549593e-15,-3.4556555781710053e-15,-2.9366726240513947e-15,-2.8652817740997673e-15,-1.3108316022763983e-15,-9.318713614292452e-16,0.9999999999999979,-2.0855068449106734e-15,-1.4571658772849016e-15,-5.181299165614117e-16,-9.982473999618811e-16,-2.6541684129652388e-15,-2.5166538217484862e-15,-1.5331619090344984e-16,-3.0290115835830303e-15,-1.842725990043966e-15,-4.622817599747373e-15,-1.1962441838599484e-15,-2.586024246334961e-15,-6.865039377477103e-16,-1.32024424933138e-15,-1.4335048766358775e-15,-2.1212731443020775e-15,-2.8055676115651355e-15,-1.943831021224953e-15,-2.260840233297224e-15,9.003063484671909e-17,-1.3979091868977461e-15,-1.5469768743569643e-15,-5.418431675780152e-16,-2.0678281937834517e-15,-6.575707267089709e-16,-3.391272052345367e-15,-6.748846040049675e-16,-1.4363723010996955e-15,-9.33682978699656e-16,-2.9226185037202464e-15,-1.5079495275483935e-15,-2.220446049250313e-16,-1.7486012637846216e-15
17,-1.3341753065494719e-15,1.3384082072275019e-17,-2.7222402367449755e-15,-1.661526186620731e-16,-1.3981645821263333e-15,-3.184146265174648e-15,-1.040670344713688e-15,-2.917824339991073e-15,-3.578700062876195e-15,-1.4880144762579936e-15,-5.54727531844546e-16,-8.953053710704558e-16,-2.6682897159216205e-15,1.3253741788137667e-15,-9.532321938810674e-16,-4.940312114710531e-16,9.518528544500756e-17,0.9999999999999992,7.154600009649187e-18,2.6511722051308806e-16,-4.1724583510982e-15,1.3467761052746454e-15,5.482626797082127e-16,-1.944203922216465e-15,4.691554792520244e-16,1.9779255317323013e-15,-3.754152523752595e-16,-1.1825407981813257e-15,1.0954786245458367e-15,-2.1299062992052994e-15,-1.3572095339597949e-15,-4.496518239234984e-15,-3.553020855167093e-15,-5.632836075738414e-17,-2.1714867530200557e-16,-3.811491032394263e-15,-2.9462491721962466e-15,-2.6182956353233753e-15,-1.202179306112605e-15,-2.101310948943865e-15,8.118247986301959e-16,-5.800406806994431e-15,1.3521401133798512e-15,1.029248513429677e-15,-1.5253199630523118e-16,-3.607062643549479e-15,4.2524829426506663e-16,-2.5348867946087816e-15,-1.4432899320127035e-15,2.220446049250313e-15
18,3.892681154936207e-16,4.37034933931376e-16,2.998880970029333e-15,2.801239060873929e-15,1.788987625307454e-15,3.295240329220723e-16,2.0874030506705963e-15,3.830145038032399e-16,3.1375898804194904e-15,2.9078955144182464e-15,2.4186819361125977e-15,1.9168937693314964e-15,8.441980924086434e-16,2.672129494244505e-15,3.862128692649578e-15,-3.0579345464176276e-15,3.1979212975724556e-15,1.6232554360713809e-15,1.0000000000000033,1.5170330956300446e-15,6.846888145736861e-16,1.7282039862557558e-15,1.301762051515393e-15,6.667292812566716e-16,3.722772742380015e-15,2.2748741483105856e-15,2.2282250048413905e-15,-3.8216756595792923e-16,3.3932335897740835e-15,1.9563292441905634e-15,4.9461034836026116e-15,1.165318776993537e-15,5.639365148758198e-16,1.596443814358898e-15,-1.9362282975828953e-15,-2.3041616212452367e-15,3.907727225887332e-16,-8.013339395248959e-16,1.759755735702296e-15,9.712964815183782e-16,2.374202664368321e-15,-1.0227359682561903e-16,1.722390878533183e-15,-1.1532406076160971e-15,1.9441773986820245e-15,6.165906966246655e-16,3.1074419481595184e-15,4.951822164937177e-16,-1.6653345369377348e-16,4.163336342344337e-16
19,-2.1472047176885845e-15,-3.618364815037528e-15,-3.981632295493343e-15,-2.300981630294714e-15,-3.923672900093588e-15,-2.2375037179820046e-15,-2.2458454800262663e-15,-4.644115757067846e-15,-4.36682953243081e-15,-3.966885516060269e-15,-1.8866266430487713e-15,-3.731289272734198e-15,-3.69650779657697e-15,3.4296077547681634e-16,-3.717814162277458e-15,-1.020972065339708e-15,-3.097352107875345e-15,-3.3177107214773368e-15,-2.585630981164442e-15,0.9999999999999997,-1.843373427906254e-15,-3.880709202874137e-15,-3.157735278744316e-15,-5.869813891050386e-15,-1.4640287370446067e-15,-1.786449657857899e-15,-3.756720334703466e-15,-1.7853802972765636e-15,-8.854958170225795e-16,-3.2766160872538315e-15,-2.0962396048793177e-15,-3.940018587826417e-15,-2.446813776987515e-15,-3.3734866724790693e-15,-3.1796219838080815e-15,-3.392864068362843e-15,-1.424652028678466e-15,-5.0400361340168226e-15,-1.4141868623659256e-15,-4.239661187365987e-15,-1.6625305202340725e-15,-3.8221410639604226e-15,-2.306851194462216e-15,-3.913096033861289e-15,-5.399851723958282e-15,-4.290671348169615e-15,-3.3393044022223703e-15,-4.5494366215731526e-15,-3.6637359812630166e-15,-3.1086244689504383e-15
20,7.109724329539518e-15,2.7244604486924497e-15,8.723531101089213e-15,3.997546396661078e-15,4.626580721605466e-15,4.058254902449789e-15,4.776537495055329e-15,6.1884343731255184e-15,3.3691525422128166e-15,3.673413049187701e-15,3.474645548382362e-15,3.8578565502182295e-15,7.0687725445553596e-15,3.659083008102657e-15,3.0319664132588003e-15,3.271313720199957e-15,6.062451220006303e-15,6.674315153618648e-15,3.838527757797235e-15,2.0971353214637823e-15,1.000000000000007,7.493771739551988e-15,4.7832191188485556e-15,4.603224915195265e-15,3.870241142097937e-15,3.6658677211762186e-15,4.5598103077308276e-15,3.1372388361508927e-15,3.3696988172994145e-15,7.564759560172729e-15,3.6733964738438864e-15,6.124652636134898e-15,7.52555509945856e-15,3.3455140242522962e-15,4.8302656555391725e-15,5.003958062292486e-15,4.6985206643584505e-15,6.578364310114756e-15,3.0080633023882567e-15,4.291413886836588e-15,1.6961378084076724e-15,5.237860390528731e-15,7.759936245397843e-15,3.5606411622369555e-15,6.897053599056792e-15,8.560695875512654e-15,2.4724994945168128e-15,2.415104841624355e-15,4.3298697960381105e-15,5.10702591327572e-15
21,4.923238109979861e-15,2.173681551937945e-15,5.755032631513304e-15,1.348005851374601e-15,3.4292431983126532e-15,5.459279333950532e-15,3.5383587685873402e-15,4.821007127752392e-15,4.4600224857417775e-15,2.6479680951577476e-15,1.9580156460214867e-15,3.4162191932727124e-15,5.652493445984286e-15,-1.162961979225482e-15,3.0633706678493875e-15,4.204012363099232e-15,1.2084676550034666e-15,6.940172116404844e-15,3.22486926329394e-15,1.6943753060216403e-15,6.880484467874562e-15,1.0000000000000033,-1.6586760359606475e-16,8.505625755408741e-15,1.596357523494983e-16,9.598839095454854e-16,1.6877639849708842e-15,4.121246192589316e-15,-2.137050185668089e-15,2.3288401802705794e-15,-1.838280902592648e-15,1.155336149766538e-14,5.02387487645848e-15,2.740381644079431e-15,3.8628102698208245e-15,5.605756193103262e-15,5.598832821192227e-15,8.785145546673332e-15,1.1549637853925278e-15,3.9659305785923306e-15,6.143866292261716e-16,1.0551268135486561e-14,3.8084171590755696e-15,3.6725836805495966e-15,4.832569002696181e-15,4.995807693883897e-15,2.3056180773389782e-15,5.95557609325432e-15,4.884981308350689e-15,-8.881784197001252e-16
22,-1.563302959634846e-16,-2.1357276363638176e-15,-2.698961234870019e-15,-2.1496047875254553e-15,-1.956055082699903e-15,-4.2506794726005005e-15,-2.9779172258427257e-15,-4.9964831924871014e-15,-1.4924575106017224e-15,1.976409556193217e-16,-1.5030459208159149e-15,-1.6891269791807913e-15,-1.1502231094754416e-15,1.7644008254661165e-15,-3.57882150705229e-15,-2.4203173455746192e-15,1.3043738427492302e-15,-4.960338187555708e-15,-3.510051584631803e-15,-2.573840526305576e-15,-5.3386433829227436e-15,-1.4260152367305935e-15,1.0,-6.272380980800255e-15,-3.287934791715911e-15,-3.328952753873035e-15,-5.159108026815932e-16,-4.790502446221527e-15,-6.87102597828758e-16,-1.5275116504842144e-15,4.759239344491388e-16,-2.958875514364165e-15,-2.9600889470684644e-15,2.768868415396344e-15,-3.669833346620041e-15,-1.4095911289902686e-15,-3.585107998105846e-15,-4.918485785258395e-15,-4.57178549774593e-16,-4.643532198634961e-15,-2.4722777283727985e-15,-5.014334814439455e-15,3.986368726803937e-16,-2.8366390740511743e-15,-4.583764993066749e-15,-5.877554321003787e-15,-1.814931769110187e-15,-2.2282703938305604e-15,-4.796510411075872e-15,-1.609823385706477e-15
23,7.121300707537163e-16,4.062205757133643e-18,6.26732937216518e-16,-2.761936942282557e-16,1.0286878347745713e-15,1.909973971106726e-15,3.74856101656501e-16,2.7673990916871523e-15,2.5318461444975794e-16,4.9014365934742176e-17,-2.862887946798231e-17,-1.2793638912140682e-15,1.390238568739137e-15,-1.0324281890961843e-15,7.689041053657277e-16,1.049250060734494e-15,-1.847614007925818e-16,1.5456648947478894e-15,9.855679525546199e-16,8.105201431176158e-16,2.9216163399818753e-15,-7.852221033940008e-16,-2.9855363140878515e-16,1.0000000000000029,-3.558543909181778e-16,8.100841106192698e-16,-2.990430078355051e-16,9.91616538896755e-16,-8.338660182851859e-16,2.64760751689862e-16,2.4723655456452416e-16,1.8853068858854917e-15,1.2120973281842428e-15,-3.003996258803527e-16,3.3683514100980246e-16,1.5444263317751084e-15,2.103580526678327e-15,1.0527628561075596e-15,-2.763072047061412e-16,2.005233956975384e-15,-9.086645366074232e-16,2.654320473717385e-15,-1.9481200181042168e-15,1.3897845316994316e-16,-9.584704662148832e-16,1.9448671006464724e-15,1.475170994882215e-15,1.337440592932952e-15,1.7486012637846216e-15,-4.510281037539698e-16
24,1.1102230246251565e-15,2.9976021664879227e-15,2.220446049250313e-16,-8.881784197001252e-16,1.887379141862766e-15,-2.220446049250313e-16,6.661338147750939e-16,1.970645868709653e-15,1.3322676295501878e-15,2.3314683517128287e-15,-1.1102230246251565e-15,1.5265566588595902e-15,2.220446049250313e-16,-1.3322676295501878e-15,-1.1102230246251565e-15,2.400857290751901e-15,2.6645352591003757e-15,1.1102230246251565e-15,-1.1102230246251565e-15,-1.1102230246251565e-15,1.3322676295501878e-15,8.881784197001252e-16,2.3314683517128287e-15,1.4432899320127035e-15,0.9999999999999991,-2.220446049250313e-16,2.4424906541753444e-15,1.7763568394002505e-15,1.1102230246251565e-15,1.1102230246251565e-15,-2.220446049250313e-16,-4.440892098500626e-16,2.220446049250313e-15,1.734723475976807e-15,4.829470157119431e-15,1.3322676295501878e-15,1.3322676295501878e-15,4.440892098500626e-16,-6.661338147750939e-16,8.881784197001252e-16,-1.2212453270876722e-15,-5.551115123125783e-16,1.3322676295501878e-15,4.440892098500626e-15,2.831068712794149e-15,1.887379141862766e-15,1.3322676295501878e-15,2.4424906541753444e-15,1.6653345369377348e-15,3.774758283725532e-15
25,2.1856823585544874e-15,2.9711061721577166e-15,1.0042844795297983e-15,-4.168729610047672e-17,1.8208576370601692e-15,1.9295246873433612e-15,2.3564697294104526e-15,3.474259724756998e-15,3.067201466101264e-15,2.839999767332406e-15,1.5583407053152863e-15,2.5664607995374496e-15,1.1196977200273808e-15,-3.738737743380175e-16,-9.895686655346612e-17,4.5271638612571115e-15,2.3263908503122305e-15,2.4175779873360602e-15,3.0485777832906406e-16,-1.8434762256810696e-16,2.5475447144443437e-15,1.0848177868911788e-15,2.2301951577068984e-15,3.5226056321122246e-15,-1.6137954454884424e-16,1.000000000000001,2.3044377144938665e-15,3.0540248063617307e-15,3.5902231403870104e-16,5.081946355637189e-16,-1.8439702548877486e-16,1.4519881299142807e-15,3.2893517287266588e-15,2.7444628688813636e-15,5.846369978441707e-15,4.264415534350694e-15,2.271938843534719e-15,2.2910575966064263e-15,1.9509254996321143e-15,2.2087490311326047e-15,1.0979921671591882e-15,1.961018864147458e-15,1.5646867290833977e-15,4.319802767912695e-15,2.7887425358586064e-15,2.1512804277773466e-15,2.188008341478635e-15,4.011994660279713e-15,1.4432899320127035e-15,3.6914915568786455e-15
26,-1.6959858307216627e-15,8.57414905386622e-17,-2.6540651623144806e-16,-2.819297341958878e-16,4.689992041156377e-19,6.152940564528519e-16,5.967500492249143e-16,3.064809546284772e-16,6.057424200949519e-16,1.2176814636203216e-15,1.683918939787308e-16,7.020160696674506e-16,6.821597192243249e-17,-6.825953335028313e-16,7.679938887670592e-16,-1.1117997471388394e-16,-3.3113761492145887e-16,6.914289704864242e-16,6.168834151587684e-16,6.996055594385017e-16,5.241800476738711e-16,-1.5452141033591862e-15,-4.0007413486919755e-16,3.4217628011587297e-16,1.1937288359700806e-15,8.01137288764048e-16,0.9999999999999998,-1.5302037046207838e-16,4.311585978617367e-16,-1.1094721736439194e-15,5.403324757913221e-16,1.9253551125454124e-16,4.287079249899133e-17,-4.587586181680817e-16,-5.49195391901853e-16,-3.145246211035803e-16,8.672577175944453e-16,-1.848401167077964e-15,1.63769317497074e-15,-2.2494995902345956e-16,6.783495764659204e-16,1.0284537277482868e-15,-1.8920778442579392e-15,-1.1945800482623326e-16,1.0626474598775426e-16,-1.336724157084286e-15,2.096470466273547e-15,4.503446131766157e-16,4.718447854656915e-16,-9.71445146547012e-17
27,-1.1369855593708664e-15,-1.332841576214979e-15,-1.090407353925409e-15,1.6586653158396166e-16,-7.314099568195573e-16,-1.3679982198523028e-16,-1.189560046236109e-15,1.1801971108624291e-15,-1.192298607210172e-15,-1.2413501450461386e-15,-1.4167568125351524e-15,-1.4159707502091788e-15,-2.8779622755651222e-18,-4.752654595432611e-16,1.0912250340573566e-16,5.262342657950494e-16,-1.058620935021601e-15,4.4225670032905234e-16,-4.909809643074746e-16,5.994550543031884e-16,1.4318530245310416e-15,-7.733503697203086e-17,-2.2840026244109887e-15,5.809180237172776e-17,-6.880442529250873e-16,7.13989750369262e-16,-1.413742241842238e-15,1.0,-1.6639627656355428e-15,-6.324928679235865e-16,-3.268645768374431e-16,5.925541517279246e-16,1.166582326963124e-15,-3.283406617171062e-15,-7.311853204126137e-16,1.9432108877841748e-16,-7.231415453750373e-16,9.279093998594577e-17,-1.2302893974491714e-15,9.698959984727944e-16,-2.1430274321570247e-15,-2.7151791678339937e-17,-5.688376568518709e-16,-4.518224346124433e-16,-1.1987649151379511e-15,-5.674307513202079e-16,-3.131506216395871e-17,1.3843099703952715e-16,7.771561172376096e-16,1.1102230246251565e-16
28,-1.6709711923527281e-15,-4.538867176377671e-16,-2.1852737158794602e-15,8.054548063223513e-16,-1.434485609723629e-15,-3.664692800779735e-15,-2.8643542535715584e-15,-3.7019636491216184e-15,-2.892522735103764e-15,-2.1557514314028693e-15,-1.3438598122349792e-15,-1.335379257374102e-15,-2.957349162553775e-15,2.091631143641622e-16,-9.92072860975106e-16,-1.316803458652274e-15,-2.555789193506583e-15,-2.9063779718463953e-15,-2.106864277189399e-16,-1.270576619659807e-15,-3.2627129173320235e-15,-2.1748600003709918e-16,-2.0057766499000196e-15,-2.507189357472716e-15,-4.961333418005648e-16,-4.785354339587716e-16,-2.6478269805917554e-15,-1.843731878313534e-15,1.0000000000000016,-2.719169553238306e-15,-2.1281176502425905e-15,-5.9524021044914914e-15,-4.480955416803349e-15,-2.4525072398586316e-15,-1.4415402508554918e-15,-2.7784476707150587e-15,-2.9412342266615745e-15,-3.610167821743763e-15,3.5255115268449264e-17,-2.724993459706407e-15,-9.693459370797456e-17,-4.769385454068799e-15,-8.632064155577603e-16,-1.6259250391877477e-15,-1.6574085993466917e-15,-2.4263842112568103e-15,-2.4413788883478883e-15,-2.428896318056883e-15,-2.6645352591003757e-15,-4.440892098500626e-16
29,-2.643981526026766e-15,-6.8751451865523185e-16,-1.3042848089359157e-15,-6.307035476529681e-16,-2.4481832641455156e-16,-1.6110111530820824e-15,1.850385588458906e-16,-6.945889029665248e-16,1.5986017318360774e-15,3.5255991042780456e-16,-1.6218665679423675e-16,9.234860527043361e-16,-6.644977081884868e-16,-5.289618126602337e-17,3.6469973085368396e-16,-3.483710999145457e-15,-6.733748822998456e-16,-1.0646004884524469e-15,-1.4097184523897037e-15,-6.775372356221043e-16,-1.5288070061452383e-15,-2.7818390650842977e-15,-1.2445036004123204e-15,-3.307128533050059e-16,-5.878874605074801e-16,3.424023862160552e-16,-1.1455680686067649e-15,-1.2977288212882599e-15,-6.04865803609613e-16,0.9999999999999989,2.5210509179401292e-15,9.985273745765806e-17,-1.2349194092297113e-15,-1.5630534353814053e-16,-3.5530051116981294e-15,-1.4995467139474121e-15,-1.07716229425208e-15,-7.598425239890838e-16,-1.0937468974218899e-16,-9.067592788333452e-16,-3.9504532695102167e-16,-1.7403972072408196e-16,-5.686332812841935e-16,-1.1501500355990225e-15,-1.0394052159733176e-15,-2.709755328966411e-15,-4.385056881492942e-16,-2.154833172738932e-16,-1.3322676295501878e-15,-2.1094237467877974e-15
30,2.7473331379600166e-15,1.484788957166988e-15,2.421580678011198e-15,2.041319195330913e-15,2.260201255838203e-15,4.9498518399316044e-15,9.998006923615132e-16,3.753268605683855e-15,2.7301165422490007e-15,8.592454751193104e-16,2.0759650148171505e-15,7.65996917383867e-16,3.611905204490102e-15,2.896761797727918e-17,2.50282100771267e-15,2.6171272102433775e-15,1.044679004374723e-15,3.800659054430844e-15,4.266883519622742e-15,3.009488335716025e-15,6.9665409360865656e-15,1.0153119891683094e-15,-1.6816613964181944e-15,3.147393956008388e-15,1.8097238572589188e-16,1.810155738022502e-15,2.683608601185689e-15,3.549241744161098e-15,-8.680500962527144e-16,9.3482631221936e-16,1.0000000000000009,6.3345075781273145e-15,4.116460384105176e-15,-2.887386232618155e-16,2.741136407399906e-15,3.439830047307321e-15,3.029868820858253e-15,4.6900689075905036e-15,2.2642261771307165e-15,3.249325845715202e-15,2.1719880860720434e-15,6.305804402219131e-15,6.041478871079469e-16,1.4889580613199824e-15,2.606127051744889e-15,2.381410637633407e-15,4.030813526447449e-17,3.112749104591678e-15,3.774758283725532e-15,0.0
31,5.696277005989788e-15,4.461173498371658e-16,2.3387843979067155e-15,1.5202363633854917e-15,2.001909772353335e-15,3.9461937521804924e-15,1.2470737614423267e-15,5.360294167924454e-15,2.048304617915357e-15,5.080364624010505e-16,1.1940377915010711e-15,6.795916425390285e-16,2.5419235107688403e-15,1.2461090659985183e-16,1.955128389387354e-15,4.478246458333589e-15,-1.0761594941335957e-16,4.1149863645751764e-15,2.1339840638279977e-15,2.670386978662145e-15,5.133197310678946e-15,1.9338653570311268e-15,8.86729309804285e-16,3.875486551106619e-15,6.440641534347052e-16,1.1342653475007347e-16,4.35443734259275e-17,5.009840438216039e-15,-2.0757813460571274e-15,3.246320058740545e-15,7.799139512021189e-16,1.0000000000000036,3.738899838300648e-15,5.700025046840607e-17,4.123659902594894e-15,4.945537110956877e-15,2.9715513333827165e-15,6.542512947224053e-15,-2.4561984674433334e-16,3.746172729592747e-15,4.612371026951111e-16,6.088029071688194e-15,2.6722793053841786e-15,3.1538223651935754e-15,2.6803664815030613e-15,3.654294625386333e-15,-8.535800466044759e-16,2.7884808185973143e-15,4.884981308350689e-15,1.5543122344752192e-15
32,-5.46613997086131e-15,5.1457506541237e-16,-1.2968821693358997e-15,3.7060443990465205e-16,-6.891882910047145e-16,-2.0472222524174983e-15,-4.837017801337231e-16,-5.340378060917213e-15,1.6321498117607268e-15,2.067371683381652e-15,2.3538565029869194e-16,4.751196912475779e-16,-1.4780064798165123e-15,1.40060855294126e-15,-1.3070890865344653e-15,-2.2142995267147586e-15,-1.5547907503721197e-15,-3.1421564774200872e-15,1.0724730488735279e-16,-8.320106580511938e-16,-5.740445654299063e-15,-3.693380310782805e-16,-6.844192750615272e-16,-3.11796762070243e-15,3.1260638567992504e-15,-2.061966737189392e-15,3.6722495583978e-15,-2.4474102116228336e-15,5.1146646580886185e-15,-2.8914602005193294e-15,1.1867119740828363e-15,-1.4077530979983462e-15,0.9999999999999953,2.707357677358543e-15,-1.5916796258091718e-15,-3.996590484220584e-15,-2.479533481880122e-15,-4.251727515353474e-15,1.7605616819050266e-15,-2.7685716930532716e-15,4.767014025379432e-15,-3.115208050408016e-15,-1.9084459176785354e-15,6.768295044127386e-16,-3.294995931278516e-15,-2.850089965503976e-15,2.757868676459917e-15,-1.3312301037156126e-16,-3.656797087359109e-15,-1.5543122344752192e-15
33,-1.0388842286640057e-15,1.0329182752733846e-16,5.437993783338561e-16,1.710521999276381e-16,5.347652372885303e-16,-1.7262263834616042e-15,8.425321548094214e-16,-2.242557888307658e-15,1.2550114478833292e-15,1.783452662010751e-15,3.8897640897255967e-16,7.642517881662848e-16,-2.193051843085161e-15,2.074096657299619e-15,-4.527406661293954e-16,-7.212671477104194e-16,1.8621499376325654e-15,-2.7738360194080944e-15,-2.9649914227610317e-16,-8.601681924591282e-16,-3.2415144781341413e-15,2.1414376540250353e-15,2.656474325230752e-15,-1.5240607510112966e-15,2.7033039772868337e-15,2.425799653977174e-15,3.4261851850272605e-15,-1.6247500815043473e-15,4.176459002941469e-15,1.3313946153814617e-16,5.582887168888973e-16,-1.9382459409665595e-15,-2.7956545084574886e-15,1.0000000000000027,-3.145848067088221e-16,-1.8111411995416804e-15,-2.948121221415539e-15,-1.7057556934734432e-15,1.1377796250450228e-15,-2.172109327868087e-15,3.887277968534601e-15,-4.90665292649546e-15,1.0082162350137681e-15,6.243140917877084e-16,-8.658989217981975e-16,-2.3587059481166896e-15,2.1328109085797095e-15,1.753948667276929e-16,-2.220446049250313e-15,2.220446049250313e-15
34,-3.451143416863817e-16,1.7961838584913727e-16,2.26451359826913e-17,-1.0033430351950868e-15,4.038674809723496e-16,2.47238956089047e-15,7.860400897160755e-16,2.6587863509874296e-15,-9.116907896153123e-16,1.4543977297331486e-17,6.341102997733005e-17,-1.0442235486215886e-15,2.0430572586803235e-15,-1.3585949015052166e-15,3.6396047851901977e-16,5.196985485270774e-16,5.179198711582788e-17,2.0011724942806216e-15,4.341881399349986e-16,1.2291378510634416e-15,3.47875571027697e-15,-1.9918826153584117e-15,-1.4682757136882019e-15,1.5790900916397785e-15,-8.757022205717554e-16,-1.6789320115689634e-16,-1.1709569923876902e-15,2.3567029162913563e-15,-3.157135062537175e-15,2.9361844056499255e-16,-2.003157830477604e-17,3.6260330239368195e-15,1.9992828887228996e-15,-1.188331909412716e-15,1.0000000000000009,1.0301886483246298e-15,1.926326529832169e-15,2.2368413523701882e-15,-8.618104000610746e-16,7.326404750424272e-16,-9.723070659653793e-16,3.2606365947748787e-15,-1.7668044644551545e-15,1.279514756143332e-15,-5.933503380117186e-16,1.851365972182786e-15,8.828081958580112e-16,3.366415447652881e-16,1.1102230246251565e-15,-8.881784197001252e-16
35,-1.1764738236747114e-15,-3.8502894540442794e-16,-7.756365050320417e-16,-1.1965276211239789e-15,-3.336272407374094e-16,8.792894943327074e-16,2.949653888243751e-16,1.5005258812400889e-15,-1.3117951003328593e-15,-2.0338559755605592e-15,-9.603859804169487e-17,-9.835333379652816e-16,9.459305362288357e-16,-1.1919278454927825e-15,-5.797889698776497e-16,-8.955928705790451e-16,-2.8772943395695922e-15,6.885963604324153e-16,-7.241328690506756e-16,1.44657242301341e-15,1.821529319137701e-15,-2.7766299189333105e-15,-2.286750619483321e-15,2.085034354535168e-15,-5.562893822446729e-16,-1.7660258587575521e-15,-1.112646099486385e-15,2.0597491169471317e-15,-3.9370044251768814e-15,-7.601638974049407e-16,-3.093645089469251e-16,3.84998429103557e-15,8.383011248021876e-16,-8.235241978579265e-16,-8.965785321847368e-16,1.0000000000000007,3.583712526002942e-16,2.854620994830511e-15,-7.083274172185019e-16,5.257807916784821e-16,-3.0847597217310163e-16,3.6497811711960485e-15,-3.255888185009293e-16,-9.869767080701576e-16,-1.4730051671873882e-15,4.2366524739429353e-16,-2.990370544371401e-16,-3.6015240746839094e-16,2.220446049250313e-16,-1.5543122344752192e-15
36,3.0472253409990084e-15,1.5164534741320731e-15,3.5364969108931108e-15,1.2771260906438026e-15,2.213337446545236e-15,4.2488942426681945e-15,3.600760331762769e-15,4.73768003718388e-15,1.690960768026687e-15,5.951136222881381e-16,1.1267983833544393e-15,-1.438153765957642e-15,4.775101439466478e-15,-8.071011032189547e-16,2.4304548048632094e-15,2.5401199497306292e-15,-6.729671349025581e-16,4.455195595850154e-15,5.651825447619796e-16,2.512493819958655e-15,5.142405111596504e-15,1.620057957029114e-15,2.7575408716985747e-16,4.7942064639717436e-15,4.394697011976395e-16,4.249294000012676e-16,1.3165937977705383e-15,3.899364277355649e-15,-2.742405656910157e-15,3.016406057998257e-15,-1.6763850271771156e-15,5.406161675462685e-15,2.8859063324801348e-15,4.86324647702496e-17,2.297740131383345e-15,3.431133428885047e-15,1.0000000000000038,6.0678345727112966e-15,4.435218433552e-16,2.5867812850979623e-15,8.563235094520471e-16,5.783845469253387e-15,2.060635969693773e-15,1.7443539574234475e-15,2.891688810170168e-15,4.670869910671969e-15,7.705353234369691e-16,2.1037301306407633e-15,2.6645352591003757e-15,1.887379141862766e-15
37,-1.101325830236992e-15,3.133523387562414e-16,-3.7636925438973674e-16,-1.716846822884695e-16,-3.4612528774088876e-16,-8.382696103992146e-17,-4.881504722282848e-16,-6.582515850540368e-16,-1.111092448872119e-15,-1.0362607019069776e-15,8.933401971979233e-18,2.1139621533086795e-17,-1.6337660326275212e-15,-3.3916624415008425e-16,-2.7823541339463483e-16,-6.960798995030498e-16,-1.508704783204108e-16,-4.747804732846402e-16,2.095668199604724e-16,5.397288821432364e-16,-1.4714238787018198e-15,-3.287995481909962e-16,2.1512659369122417e-16,-3.723008126727866e-16,3.3439308281604463e-16,2.366513917916115e-16,-4.1874032845415785e-16,1.2894548295667457e-16,4.7472434602808e-16,-4.0784296344158127e-16,-8.969778476125922e-16,-1.73571830941412e-15,-1.2918734666813558e-15,2.12058847422346e-17,-4.676663844851524e-16,-1.1311138338636514e-15,-7.228078023047779e-16,0.9999999999999986,-2.0508248273256925e-16,-1.0850294065504088e-15,-3.659636175516379e-16,-6.502630554727926e-16,-1.31539184238029e-16,-3.261414371944078e-16,8.652989809356069e-16,-4.793156218792911e-16,-4.537484500501919e-16,-1.2822149259212293e-15,-5.551115123125783e-16,1.1102230246251565e-16
38,1.6367121296242278e-15,1.0575214990794206e-15,6.843722271439032e-16,1.6432487671108469e-15,7.117616686623578e-16,1.807847232576123e-15,2.248270623126671e-15,2.436345825609445e-15,1.4256582156256534e-15,-6.067436837748282e-16,1.2881435354239905e-15,9.9618003269154e-16,4.0465102563903866e-15,-1.1273236099644867e-15,1.3189993812145804e-15,2.136277692897726e-15,5.371483054715342e-16,2.6615302488337745e-15,2.2449065492849984e-15,1.5278065876390345e-15,3.428017562943807e-15,1.2424078249346476e-16,-3.682222916404454e-16,2.497821342809207e-15,-3.6672392101791106e-16,1.280619436421719e-15,1.0771094987467358e-15,2.6338516300799334e-15,-1.9234693726066873e-15,1.5456767309961279e-15,-7.931423708251156e-16,3.4700356603791793e-15,1.8471847919940393e-15,-1.9662053851112358e-16,2.8452149005904835e-15,3.42840021342824e-15,2.1357363890312135e-15,3.17414533570144e-15,1.0000000000000009,1.5917325058246794e-15,4.627819817662856e-16,4.856192824005032e-15,8.303089921008646e-16,1.0161478791686644e-15,9.781064183347983e-16,2.38637671397849e-15,2.666792967408244e-16,1.6308316864010448e-15,3.3861802251067274e-15,-7.771561172376096e-16
39,-5.6049357160398274e-15,-3.999842324638096e-15,-5.5639788720864625e-15,-4.14464553857866e-15,-4.115448821929804e-15,-8.247153543863026e-15,-3.3795422875309995e-15,-5.504814657166757e-15,-3.960945768286316e-15,-1.810883371676018e-15,-3.4131327657098172e-15,-3.5348263527991465e-15,-1.0234290620320022e-14,-1.009371627116437e-15,-4.1988577194331555e-15,-7.586906063470331e-15,-1.1500894124341359e-15,-6.183000311244186e-15,-3.8610635982068314e-15,-3.666673544670595e-15,-7.382215784642227e-15,-4.651628746077127e-15,-2.7380507466145e-16,-6.733623931192806e-15,-1.4235664260438598e-15,-2.771093289531655e-15,-5.501817560667028e-15,-5.51726588525188e-15,1.2046656681922023e-16,-4.6111635297467945e-15,3.01946270343174e-16,-9.614444880036445e-15,-8.507039045266312e-15,-3.242459374666879e-15,-8.191157347962294e-15,-7.562188373629765e-15,-6.538607066949895e-15,-9.282601692928182e-15,-1.4467230049920181e-15,0.999999999999995,-1.8048325119853496e-15,-1.0644824018702567e-14,-2.9018923120047234e-15,-2.6564873661221858e-15,-5.917300493120522e-15,-8.42491295104248e-15,-6.400517376562856e-16,-7.404683228011291e-15,-5.773159728050814e-15,-1.3322676295501878e-15
40,-1.496735895630882e-15,-1.1515729667765262e-15,-9.88712147325855e-16,-1.0268620077987879e-15,-1.4534334014983486e-15,-9.231919419687485e-17,-1.6244948411988148e-15,-1.8934408285590642e-16,-1.7000128924134628e-15,-1.9216142513100302e-15,-1.351895615013206e-15,-2.0124214725924523e-15,-1.1185478727719132e-15,-1.4962008475470674e-15,-1.2058598394359268e-15,-7.439954788899714e-16,-2.2866753415130052e-15,-1.1116031576889253e-15,-1.6210769611884247e-15,-5.564474638944944e-16,-4.58842891929886e-16,-1.9018254851662532e-15,-2.081409269739535e-15,1.5163820334754034e-16,-2.102633161853125e-15,-9.034877022523241e-16,-1.4280397129348372e-15,-3.7545309888453456e-16,-2.2964467220692254e-15,-1.2040550345374232e-15,-1.0326477874219684e-15,1.6939952802414106e-16,-9.599081864552436e-16,-2.184420112096176e-15,-1.5627083967179716e-15,-1.3775930509050132e-15,-1.4258876858717903e-15,5.110305415126461e-16,-1.7190717507459305e-15,-1.0416534188427143e-15,0.9999999999999979,1.7078261104925786e-16,-1.3823452482133105e-15,-1.5003945837731942e-15,-1.7615786130908812e-15,-1.3068602015257493e-15,-1.3649679006036265e-15,-1.3619701617083159e-15,-6.800116025829084e-16,-1.6653345369377348e-15
41,3.300607285633237e-16,1.1882653418361516e-15,2.854881841499293e-16,-2.2528545261898344e-16,6.872719129738696e-16,-1.2471538823006752e-15,-2.0743992459308788e-16,-5.438056353224137e-16,9.471843888406917e-16,1.4186866035839264e-15,-7.930085551797684e-16,-2.9191081367409136e-16,-1.5600574897355277e-15,2.507383008851782e-16,2.364829707736158e-16,2.174768455679109e-16,1.5517848145597072e-15,-2.017576095698473e-15,-9.351262721497574e-17,-6.90892261405438e-16,-1.200447484054759e-15,3.494403516044047e-16,1.1289313321327869e-16,-1.6754049041113252e-15,6.974388201551859e-17,-8.854719875812584e-16,-7.468809001555036e-17,-5.380089427929891e-16,1.4057292137480312e-15,-4.990442491690789e-16,-1.6391878332733472e-16,-2.0110410781281753e-15,-9.056267536111227e-16,1.7841845894191488e-15,2.1220698402883563e-16,9.732623122357536e-17,-5.901633893786013e-16,-2.5104067194585124e-15,9.290351336669561e-16,-8.656662718500338e-16,7.480410274871161e-16,0.9999999999999982,1.0238858668590737e-16,-4.3014659056056547e-16,-1.5762357676361253e-16,9.556813768469304e-16,-1.2111648547641732e-15,2.011922373311818e-15,-9.298117831235686e-16,1.0547118733938987e-15
42,-4.924899058179433e-16,-3.1663674808020742e-15,-2.244950797020338e-15,-1.2221771386760285e-15,-2.53247960842586e-15,4.239147362284486e-16,-1.5203140863827027e-15,1.1282326275964832e-16,-4.685618497302578e-15,-4.019948202898602e-15,-2.1374475808020724e-15,-2.73388913629716e-15,-9.77896515723386e-16,-2.1406432449028764e-15,-1.6863860771395244e-15,-1.3604577232780876e-16,-3.1180508832337224e-15,-5.517341862031157e-16,-1.0968555357193028e-15,-2.948519872547858e-16,-1.798032939915771e-17,-2.795522033456075e-15,-1.7031311691644613e-15,-1.1437562568377408e-15,-1.3277433910951213e-15,-1.9004174062129792e-15,-2.2747291433933636e-15,-1.160064425466856e-15,-2.8575146280725057e-15,-1.151308656819072e-15,-2.418649521812469e-15,-1.1071489067740105e-16,-1.3842848905736157e-15,-4.029862476739646e-15,-2.3926578757105255e-15,-2.537310516135618e-15,-6.585115335520321e-16,7.760332245387082e-16,-3.1279938829536328e-15,-1.2707237160059203e-15,-3.52108927880729e-15,3.590613597907436e-16,0.9999999999999969,-2.5130717446873797e-15,-2.778666951248236e-15,9.554283965035695e-17,-1.2725170300674653e-15,-4.145276547777012e-15,-1.6653345369377348e-16,-2.7755575615628914e-15
43,-8.383008105557187e-16,4.860436834470433e-16,-5.307805490788809e-16,-2.041415303785292e-17,2.629083384736193e-16,-2.3703855989274196e-15,-4.451761067050724e-16,-1.4731035089028045e-15,9.889953050840107e-16,1.441008870546382e-15,-4.1470250719158093e-16,2.7841079506610406e-16,-1.783801265894548e-15,1.9159641676572556e-15,3.076663008866264e-16,-1.5363093333602874e-15,2.2913971809125853e-15,-1.996073402005956e-15,1.2112764421826196e-15,-1.2505019977395987e-15,-3.3049985698590875e-15,1.9782620098977273e-16,1.7302042988863655e-15,-2.6281894115578156e-15,9.892298347655724e-16,1.2935796528756048e-16,-8.026835784994002e-16,-1.803657538454765e-15,3.586195583333696e-15,6.634722718505881e-17,2.53837787779631e-16,-4.183057084100856e-15,-6.857435361979035e-16,1.2258839049572134e-15,-8.85034255665864e-16,-9.66065031597296e-16,-7.501938581890767e-16,-3.914895956217347e-15,1.2354865803762108e-15,-2.3819651752205553e-15,2.519759058128365e-15,-3.717338875474926e-15,-3.140263956377371e-16,1.0000000000000007,6.17591553827058e-16,-2.12647589090835e-15,6.133792283989248e-16,3.38342536302927e-17,-2.886579864025407e-15,1.3322676295501878e-15
44,1.869137821647725e-15,1.0779631179593858e-15,1.1062492472967113e-15,8.083447191150784e-16,1.5106792708741593e-15,1.4376402570577192e-16,5.634286888859756e-16,1.311309599810057e-15,2.5586953717158312e-15,2.832244969728061e-15,1.3140774331227433e-15,1.6661198062098525e-15,5.683613299229943e-16,1.671518035816335e-15,1.0486750774368485e-15,1.3706044814651555e-15,3.339741195553348e-15,-1.1444484664428358e-16,7.515742768638738e-16,-1.8503486317301548e-16,1.0936376011064739e-15,2.4701881138218764e-15,8.499651938713169e-16,2.6511616966994726e-16,1.6443051957751982e-15,1.2771429643661964e-15,1.3813635075830057e-15,6.750014719012101e-16,2.53952183126343e-15,9.932633655813054e-16,9.417956002647944e-16,-1.0698975156057209e-15,1.816293591527363e-15,1.5366238842339551e-15,2.29872196992929e-15,1.7303650036482161e-15,2.2057645779331546e-15,8.883716415831728e-16,2.289199067494042e-15,1.1043346048457456e-15,1.7406178742162796e-15,8.772928596727637e-17,1.3871712121295844e-15,8.525027909658754e-16,1.0000000000000022,8.200607823334033e-16,1.6716619151272234e-16,3.4650564462565716e-15,1.1000315242037928e-15,2.525757381022231e-15
45,-6.602773584999015e-16,-3.8992133181792926e-16,9.49075012226852e-16,2.9770839407772803e-16,-1.3581541274684813e-15,7.489596933222104e-16,-1.5908858249088826e-17,-1.135958697030474e-16,-1.40542142544314e-15,-1.5267964141512722e-15,-8.367487416240346e-16,-5.012411433744737e-16,7.446475193750738e-16,-8.657655670824618e-16,4.0423907195406576e-16,-6.128644898788056e-16,-2.295841727626489e-15,2.201840107932856e-16,5.04670062811665e-16,6.891843909894742e-16,-4.478270083098025e-16,-5.828705315246149e-16,-8.072405682217707e-16,4.628862015702673e-16,1.8578767892042344e-17,-3.2382722286167087e-16,-1.0308840770868128e-16,1.6085881479503388e-16,-2.0887250193065834e-15,-1.0965552993462545e-15,-1.0669434018207256e-15,1.7557053009831291e-16,-9.82213851074941e-16,-4.693711951770028e-16,-7.437224343691512e-16,-3.1476121612243063e-16,-6.258608587642063e-16,7.218625587923431e-16,-2.603241806390949e-16,-6.160277315329962e-16,1.565492706644027e-16,1.0186300930188872e-15,-7.556352966972752e-16,3.4982726639258055e-16,-1.167500004071364e-15,0.9999999999999998,-2.672430345255871e-16,-1.6034064988511523e-15,-4.440892098500626e-16,-8.326672684688674e-16
46,5.782822693709315e-16,8.279938072244022e-16,4.4369733715067117e-16,7.948351410189663e-16,9.097903193047837e-16,8.469126568274688e-16,8.363904974900229e-16,1.3666271177897082e-15,9.077074077880859e-16,5.494531271045073e-16,9.95360814288854e-16,7.840623332615237e-16,1.743096189001221e-15,5.094632262791046e-16,1.183946108517133e-15,8.37170165751798e-16,6.739220059989003e-16,7.19537549393484e-16,6.266193314584801e-16,9.983318802997207e-16,1.4137407811033206e-15,9.34966278720194e-16,4.308962090289633e-16,9.381934920382372e-16,-2.7021899468713127e-16,2.736754128587741e-16,5.70249818331542e-16,8.87139432627683e-16,-4.135216675173676e-17,4.337169664418719e-16,2.1688378564221134e-16,8.754762503756495e-16,1.8515119385345138e-15,1.7689775704389475e-15,1.1761744550341785e-15,1.501631659379546e-15,9.5650041220167e-16,1.2810456183647132e-15,1.2985514418914775e-15,6.001643654370206e-16,1.4118910058408409e-15,1.257723380916453e-15,9.490731007105673e-16,7.897772087216011e-16,1.4207317117166852e-15,1.3779732105556296e-15,0.9999999999999998,2.194095355577217e-15,6.661338147750939e-16,4.996003610813204e-16
47,1.1517672007209343e-15,1.0725096793270174e-15,9.386706842309425e-16,9.359661170691749e-16,1.9279143958257293e-15,6.966357621891289e-16,7.114844377547285e-16,1.8537184298930415e-15,2.9898622072464735e-15,2.1070722916551506e-15,2.1983377743853746e-15,2.099670159245672e-15,2.6179373172156726e-15,1.501626089336072e-15,9.562957798857853e-16,1.6000749265174366e-15,1.80438860635385e-15,1.7823479954021682e-15,6.61152585681997e-16,4.488349081183911e-16,1.401341122250514e-15,1.860596860962841e-15,1.280088588398354e-15,1.8063137679077047e-15,4.548989905664058e-16,1.6027288981381115e-15,1.2305448229085359e-15,1.3908007284295987e-15,7.978963993585881e-16,1.5344128780634302e-15,2.1236184522531164e-15,2.383048694590945e-15,3.0176043940731973e-15,1.9350401102766176e-15,1.8722178340523235e-15,2.229769802002992e-15,7.665250302361684e-16,1.8529924702233874e-15,7.635250918190647e-16,2.2618747636835944e-15,1.5977021853108888e-15,8.001083068250197e-16,2.2531088395431883e-15,1.6391573985473612e-15,1.6209162802497808e-15,6.811987260637878e-16,1.7539591617492667e-15,1.0000000000000033,1.3322676295501878e-15,1.3322676295501878e-15
48,-2.7818668470017402e-15,-3.004202738377751e-15,-9.606416153953878e-16,-7.021291982947125e-16,-3.086114610691524e-15,7.804252031831966e-16,-8.368800415961554e-16,-2.525550222026032e-15,-4.639342481743332e-15,-2.9858253349320963e-15,-1.3512443120249815e-15,-2.413467715511726e-15,-2.051650990614492e-15,-1.6191550671260134e-15,-1.6145116977428682e-15,-2.416805037668494e-15,-3.2167039577113746e-15,-2.0663607596252956e-15,-2.761693646145556e-15,4.676100015307604e-16,-2.3932697291071376e-15,-2.9416852064979076e-15,-1.6207091029312776e-15,-1.6456783258640161e-15,-1.1608132046061577e-15,-1.1456929321033705e-15,-2.756726708219799e-15,-1.6054056074311299e-15,-2.731680142884297e-15,-1.3185041400651838e-15,-2.2054359057099615e-15,-1.7962841663796117e-15,-3.732934418893069e-15,-4.593278252278644e-15,-1.951946722689657e-15,-3.0332158403459936e-15,-1.6103874798005495e-15,-1.835273736183833e-15,-1.959632120488881e-15,-1.2046015148261274e-15,-4.563849650084703e-15,4.664561650217965e-16,-3.3540185714428233e-15,-2.447136930687786e-15,-4.205562590262124e-15,-3.075307113992464e-15,-1.1067110577533348e-15,-6.297310308477886e-15,0.9999999999999986,-3.7192471324942744e-15
49,1.1102230246251565e-16,6.661338147750939e-16,-4.440892098500626e-16,2.220446049250313e-16,6.661338147750939e-16,0.0,0.0,-4.440892098500626e-16,1.1102230246251565e-15,7.771561172376096e-16,2.220446049250313e-16,1.0269562977782698e-15,-1.3322676295501878e-15,4.440892098500626e-16,-4.440892098500626e-16,0.0,6.661338147750939e-16,-1.1102230246251565e-15,-6.661338147750939e-16,-4.440892098500626e-16,-4.440892098500626e-16,6.661338147750939e-16,5.551115123125783e-16,-1.1102230246251565e-16,8.881784197001252e-16,4.440892098500626e-16,8.881784197001252e-16,-6.661338147750939e-16,9.992007221626409e-16,6.661338147750939e-16,8.881784197001252e-16,-8.881784197001252e-16,2.220446049250313e-16,-5.551115123125783e-17,4.440892098500626e-16,-1.1102230246251565e-16,-4.440892098500626e-16,-2.220446049250313e-16,2.220446049250313e-16,-4.440892098500626e-16,4.440892098500626e-16,-6.661338147750939e-16,4.440892098500626e-16,4.440892098500626e-16,2.220446049250313e-16,-8.881784197001252e-16,1.3322676295501878e-15,6.661338147750939e-16,-6.938893903907228e-17,1.0000000000000002
